{
  "rmp-col-1": {
    "p": [
      0.0,
      0.0,
      0.0
    ],
    "q": [
      0.0,
      0.0,
      0.0,
      1.0
    ],
    "h": [
      10.0,
      0.5,
      10.0
    ]
  },
  "rmp-col-2": {
    "p": [
      10.473149,
      -0.02549,
      0.0
    ],
    "q": [
      0.0,
      0.0,
      -0.026177,
      0.999657
    ],
    "h": [
      0.5,
      0.5,
      10.0
    ]
  },
  "rmp-col-3": {
    "p": [
      11.44363,
      -0.10188,
      0.0
    ],
    "q": [
      0.0,
      0.0,
      -0.052336,
      0.99863
    ],
    "h": [
      0.5,
      0.5,
      10.0
    ]
  },
  "rmp-col-4": {
    "p": [
      12.40878,
      -0.228989,
      0.0
    ],
    "q": [
      0.0,
      0.0,
      -0.078459,
      0.996917
    ],
    "h": [
      0.5,
      0.5,
      10.0
    ]
  },
  "rmp-col-5": {
    "p": [
      13.365959,
      -0.406394,
      0.0
    ],
    "q": [
      0.0,
      0.0,
      -0.104528,
      0.994522
    ],
    "h": [
      0.5,
      0.5,
      10.0
    ]
  },
  "rmp-col-6": {
    "p": [
      14.312543,
      -0.633651,
      0.0
    ],
    "q": [
      0.0,
      0.0,
      -0.130526,
      0.991445
    ],
    "h": [
      0.5,
      0.5,
      10.0
    ]
  },
  "rmp-col-7": {
    "p": [
      15.245935,
      -0.910137,
      0.0
    ],
    "q": [
      0.0,
      0.0,
      -0.156434,
      0.987688
    ],
    "h": [
      0.5,
      0.5,
      10.0
    ]
  },
  "rmp-col-8": {
    "p": [
      16.163567,
      -1.235106,
      0.0
    ],
    "q": [
      0.0,
      0.0,
      -0.182236,
      0.983255
    ],
    "h": [
      0.5,
      0.5,
      10.0
    ]
  },
  "rmp-col-9": {
    "p": [
      17.062944,
      -1.607644,
      0.0
    ],
    "q": [
      0.0,
      0.0,
      -0.207912,
      0.978148
    ],
    "h": [
      0.5,
      0.5,
      10.0
    ]
  },
  "rmp-col-10": {
    "p": [
      17.941591,
      -2.02674,
      0.0
    ],
    "q": [
      0.0,
      0.0,
      -0.233445,
      0.97237
    ],
    "h": [
      0.5,
      0.5,
      10.0
    ]
  },
  "rmp-col-11": {
    "p": [
      18.7971,
      -2.491247,
      0.0
    ],
    "q": [
      0.0,
      0.0,
      -0.258819,
      0.965926
    ],
    "h": [
      0.5,
      0.5,
      10.0
    ]
  },
  "rmp-col-12": {
    "p": [
      19.627127,
      -2.999892,
      0.0
    ],
    "q": [
      0.0,
      0.0,
      -0.284015,
      0.95882
    ],
    "h": [
      0.5,
      0.5,
      10.0
    ]
  },
  "rmp-col-13": {
    "p": [
      20.429396,
      -3.55128,
      0.0
    ],
    "q": [
      0.0,
      0.0,
      -0.309017,
      0.951057
    ],
    "h": [
      0.5,
      0.5,
      10.0
    ]
  },
  "rmp-col-14": {
    "p": [
      21.201708,
      -4.143898,
      0.0
    ],
    "q": [
      0.0,
      0.0,
      -0.333807,
      0.942641
    ],
    "h": [
      0.5,
      0.5,
      10.0
    ]
  },
  "rmp-col-15": {
    "p": [
      21.941946,
      -4.776125,
      0.0
    ],
    "q": [
      0.0,
      0.0,
      -0.358368,
      0.93358
    ],
    "h": [
      0.5,
      0.5,
      10.0
    ]
  },
  "rmp-col-16": {
    "p": [
      163.713715,
      -146.51297,
      0.0
    ],
    "q": [
      0.0,
      0.0,
      -0.382683,
      0.92388
    ],
    "h": [
      200.0,
      0.5,
      10.0
    ]
  },
  "rmp-col-17": {
    "p": [
      305.8526,
      -288.631409,
      -2e-06
    ],
    "q": [
      0.0,
      0.0,
      -0.374607,
      0.927184
    ],
    "h": [
      1.0,
      0.5,
      10.0
    ]
  },
  "rmp-col-17.002": {
    "p": [
      307.303406,
      -290.013733,
      0.0
    ],
    "q": [
      0.0,
      0.0,
      -0.366501,
      0.930418
    ],
    "h": [
      1.0,
      0.5,
      10.0
    ]
  },
  "rmp-col-17.003": {
    "p": [
      308.783936,
      -291.370605,
      0.0
    ],
    "q": [
      0.0,
      0.0,
      -0.358368,
      0.93358
    ],
    "h": [
      1.0,
      0.5,
      10.0
    ]
  },
  "rmp-col-17.004": {
    "p": [
      310.288025,
      -292.701599,
      0.0
    ],
    "q": [
      0.0,
      0.0,
      -0.350207,
      0.936672
    ],
    "h": [
      1.0,
      0.5,
      10.0
    ]
  },
  "rmp-col-17.005": {
    "p": [
      311.812195,
      -294.005554,
      0.0
    ],
    "q": [
      0.0,
      0.0,
      -0.34202,
      0.939693
    ],
    "h": [
      1.0,
      0.5,
      10.0
    ]
  },
  "rmp-col-17.006": {
    "p": [
      313.361481,
      -295.283081,
      0.0
    ],
    "q": [
      0.0,
      0.0,
      -0.333807,
      0.942641
    ],
    "h": [
      1.0,
      0.5,
      10.0
    ]
  },
  "rmp-col-17.007": {
    "p": [
      314.931885,
      -296.533325,
      0.0
    ],
    "q": [
      0.0,
      0.0,
      -0.325568,
      0.945519
    ],
    "h": [
      1.0,
      0.5,
      10.0
    ]
  },
  "rmp-col-17.008": {
    "p": [
      316.52124,
      -297.754639,
      0.0
    ],
    "q": [
      0.0,
      0.0,
      -0.317305,
      0.948324
    ],
    "h": [
      1.0,
      0.5,
      10.0
    ]
  },
  "rmp-col-17.009": {
    "p": [
      318.134644,
      -298.949127,
      0.0
    ],
    "q": [
      0.0,
      0.0,
      -0.309017,
      0.951057
    ],
    "h": [
      1.0,
      0.5,
      10.0
    ]
  },
  "rmp-col-17.010": {
    "p": [
      319.769257,
      -300.115906,
      0.0
    ],
    "q": [
      0.0,
      0.0,
      -0.300706,
      0.953717
    ],
    "h": [
      1.0,
      0.5,
      10.0
    ]
  },
  "rmp-col-17.011": {
    "p": [
      321.423553,
      -301.252991,
      0.0
    ],
    "q": [
      0.0,
      0.0,
      -0.292372,
      0.956305
    ],
    "h": [
      1.0,
      0.5,
      10.0
    ]
  },
  "rmp-col-17.012": {
    "p": [
      323.096191,
      -302.36142,
      0.0
    ],
    "q": [
      0.0,
      0.0,
      -0.284015,
      0.95882
    ],
    "h": [
      1.0,
      0.5,
      10.0
    ]
  },
  "rmp-col-17.013": {
    "p": [
      324.788574,
      -303.440826,
      0.0
    ],
    "q": [
      0.0,
      0.0,
      -0.275637,
      0.961262
    ],
    "h": [
      1.0,
      0.5,
      10.0
    ]
  },
  "rmp-col-17.014": {
    "p": [
      326.499237,
      -304.490631,
      0.0
    ],
    "q": [
      0.0,
      0.0,
      -0.267238,
      0.96363
    ],
    "h": [
      1.0,
      0.5,
      10.0
    ]
  },
  "rmp-col-17.015": {
    "p": [
      328.229645,
      -305.51004,
      0.0
    ],
    "q": [
      0.0,
      0.0,
      -0.258819,
      0.965926
    ],
    "h": [
      1.0,
      0.5,
      10.0
    ]
  },
  "rmp-col-17.016": {
    "p": [
      329.976837,
      -306.498962,
      0.0
    ],
    "q": [
      0.0,
      0.0,
      -0.25038,
      0.968148
    ],
    "h": [
      1.0,
      0.5,
      10.0
    ]
  },
  "rmp-col-17.017": {
    "p": [
      331.741516,
      -307.457336,
      0.0
    ],
    "q": [
      0.0,
      0.0,
      -0.241922,
      0.970296
    ],
    "h": [
      1.0,
      0.5,
      10.0
    ]
  },
  "rmp-col-17.018": {
    "p": [
      333.521667,
      -308.384644,
      0.0
    ],
    "q": [
      0.0,
      0.0,
      -0.233445,
      0.97237
    ],
    "h": [
      1.0,
      0.5,
      10.0
    ]
  },
  "rmp-col-17.019": {
    "p": [
      335.318512,
      -309.280945,
      0.0
    ],
    "q": [
      0.0,
      0.0,
      -0.224951,
      0.97437
    ],
    "h": [
      1.0,
      0.5,
      10.0
    ]
  },
  "rmp-col-17.020": {
    "p": [
      337.124756,
      -310.146332,
      0.0
    ],
    "q": [
      0.0,
      0.0,
      -0.21644,
      0.976296
    ],
    "h": [
      1.0,
      0.5,
      10.0
    ]
  },
  "rmp-col-17.021": {
    "p": [
      338.936188,
      -310.991486,
      0.0
    ],
    "q": [
      0.0,
      0.0,
      -0.21644,
      0.976296
    ],
    "h": [
      1.0,
      0.5,
      10.0
    ]
  },
  "rmp-col-17.022": {
    "p": [
      340.761414,
      -311.82489,
      0.0
    ],
    "q": [
      0.0,
      0.0,
      -0.207912,
      0.978148
    ],
    "h": [
      1.0,
      0.5,
      10.0
    ]
  },