{
  "rmp-col-1.001": {
    "p": [
      0.0,
      0.0,
      0.0
    ],
    "q": [
      0.0,
      0.0,
      0.0,
      1.0
    ],
    "h": [
      10.0,
      0.5,
      20.0
    ]
  },
  "rmp-col-2.001": {
    "p": [
      10.454475,
      -0.041726,
      -0.0
    ],
    "q": [
      0.0,
      0.0,
      -0.043619,
      0.999048
    ],
    "h": [
      0.5,
      0.5,
      20.0
    ]
  },
  "rmp-col-3.001": {
    "p": [
      11.401646,
      -0.166605,
      -0.0
    ],
    "q": [
      0.0,
      0.0,
      -0.087156,
      0.996195
    ],
    "h": [
      0.5,
      0.5,
      20.0
    ]
  },
  "rmp-col-4.001": {
    "p": [
      12.334424,
      -0.373401,
      -0.0
    ],
    "q": [
      0.0,
      0.0,
      -0.130526,
      0.991445
    ],
    "h": [
      0.5,
      0.5,
      20.0
    ]
  },
  "rmp-col-5.001": {
    "p": [
      13.245571,
      -0.660745,
      -0.0
    ],
    "q": [
      0.0,
      0.0,
      -0.173648,
      0.984808
    ],
    "h": [
      0.5,
      0.5,
      20.0
    ]
  },
  "rmp-col-6.001": {
    "p": [
      14.127793,
      -1.026691,
      -0.0
    ],
    "q": [
      0.0,
      0.0,
      -0.21644,
      0.976296
    ],
    "h": [
      0.5,
      0.5,
      20.0
    ]
  },
  "rmp-col-7.001": {
    "p": [
      14.974881,
      -1.467882,
      -0.0
    ],
    "q": [
      0.0,
      0.0,
      -0.258819,
      0.965926
    ],
    "h": [
      0.5,
      0.5,
      20.0
    ]
  },
  "rmp-col-8.001": {
    "p": [
      15.780248,
      -1.981297,
      -0.0
    ],
    "q": [
      0.0,
      0.0,
      -0.300706,
      0.953717
    ],
    "h": [
      0.5,
      0.5,
      20.0
    ]
  },
  "rmp-col-9.001": {
    "p": [
      16.538208,
      -2.562925,
      -0.0
    ],
    "q": [
      0.0,
      0.0,
      -0.34202,
      0.939693
    ],
    "h": [
      0.5,
      0.5,
      20.0
    ]
  },
  "rmp-col-16.001": {
    "p": [
      122.952293,
      -108.919899,
      5e-06
    ],
    "q": [
      0.0,
      0.0,
      -0.382683,
      0.92388
    ],
    "h": [
      150.0,
      0.5,
      20.0
    ]
  }
}