{
  "rmp-col-1": { "p": [0.0, 0.0, 0.0], "q": [0.0, 0.0, 0.0, 1.0], "h": [10.0, 0.5, 10.0] },
  "rmp-col-2": { "p": [10.4732, -0.02549, 0.0], "q": [0.0, 0.0, -0.026177, 0.999657], "h": [0.5, 0.5, 10.0] }
}
